Name,NewName
Winter White (Oxford White),Winter White
Bridal Shower (Antique White),Bridal Shower (Antique White) Δ
Cafe Au Lait (Cabinet Almond),Cafe Au Lait
Iron Mountain (Bankers Grey),Iron Mountain
Steel Grey (Fog Grey),Steel Grey
Cozy Cashmere (Negotiating in Geneva),Cozy Cashmere
Agreeable Greige (Pepperdust),Agreeable Greige
Mystic Cloud (Custom Grey),Mystic Cloud
Overcast (Willow Grey),Overcast
Gunmetal (Storm),Gunmetal
Night Skies (Ebony Sand),Night Skies
Onyx (Black),Onyx
Sage,Clarity Sage (Kitchen Only)
Pearl River (Blanco SL),Pearl River
Georgia Pines (Absolute Acajou),Georgia Pines
Tallow (Looks Likatre),Tallow (Looks Likatre) Δ
Birchwood Breeze (Calypso),Birchwood Breeze (Calypso) Δ
Tigerlilly (Crackle Crunch),Tigerlilly (Crackle Crunch) Δ
Chocolate Swirl (Wedding Cake),Chocolate Swirl (Wedding Cake) Δ
Cypress (Tryto Savatre),Cypress
Tea Kettle (Witchcraft),Tea Kettle
Sugar Maple (Arbor Myrtle),Sugar Maple
Walk in the Woods (Brown Pearwood),Walk in the Woods
Cafe Mocha (Mocha Cherry),Cafe Mocha
Riverwood (Opulent Olmo),Riverwood (Opulent Olmo) Δ
Frosted Forest (Oxford White TL),Frosted Forest (Oxford White TL) Δ
Coal Mines (Black TL),Coal Mines
Whisper White (Nova White Uniboard),Whisper White
Moonlit Lake (Winter Fun Tafisa),Moonlit Lake (Winter Fun Tafisa) Δ
Georgia Pecans (Absolute Acajou TL),Georgia Pecans
Foggy Mornings (Skye Uniboard),Foggy Mornings
Ammonite (Nizza Uniboard),Ammonite (Nizza Uniboard) Δ
Silver Elm (Driftwood Uniboard),Silver Elm
Zen Garden (Looks Likatre TL),Zen Garden
Weathered Oak (Weathered Oak Uniboard),Weathered Oak
Wicked Cypress (Tryto Savatre TL),Wicked Cypress (Tryto Savatre TL) Δ
Espresso Yourself (After Hours Tafisa),Espresso Yourself
Kentucky Coffee Tree (Silva Uniboard),Kentucky Coffee Tree
Townhouse Teatime (Apres Ski Tafisa),Townhouse Teatime
Summer Oak (Cannes Uniboard),Summer Oak
Wheat Field (Mistral Uniboard),Wheat Field
Dark Walnut (Monaco Uniboard),Dark Walnut
Irish Cream (Riva Uniboard),Irish Cream
Chamomile Comfort (Tea For Two Tafisa),Chamomile Comfort
Candlelight Dinner (Sunday Brunch Tafisa),Candlelight Dinner
Sable (Ember Uniboard),Sable
Teacloth (White Linen Egger),Teacloth
Midnight Shadows (Antracite Linen Salt),Midnight Shadows
Tweed (Beige Textile Egger),Tweed
Chesapeake Bay (Buff Linen Salt),Chesapeake Bay
Cloud (MLX Bianco White Super Matte),Cloud
Ashphalt (MLX Graphite Super Matte),Asphalt
Coastal Living (MLX Deep Blue Super Matte),Coastal Living
Duraply Almond,Cafe Au Lait (Cabinet Almond)
Dura White Fog Grey,Steel Grey (Fog Grey)
Graphite Spectrum,Cosmic Dust (Graphite Spectrum)
Î” Hardrock Maple,Danish Maple (Hard Rock Maple)
Black Anodized Metal,Onyx
Cafe Au Lait / Winter White (Cabinet Almond/Ox White),Cafe Au Lait / White
Cosmic Dust / Winter White (Graphite Spectrum/Ox White),Cosmic Dust / White
Steel Grey / Winter White (Fog Grey/Ox White),Steel Grey / White
Danish Maple / Winter White (Hard Rock Maple/Ox White),Danish Maple / White
Forest,Forest (Kitchen Only)
Sky Blue,Sky Blue (Kitchen Only)
Gunstock Walnut,Maple Walnut
Winter White XL (Ox White XL),Winter White XL
Mountain Peak,Mountain Peak Δ
Ashphalt,Asphalt
