DisplayName,Description
Agreeable Greige (Pepperdust),Agreeable Greige (Pepperdust)
Cafe Au Lait (Cabinet Almond),Cafe Au Lait (Cabinet Almond)
Deep Blue,Deep Blue
Forest,Forest
Gunmetal (Storm),Gunmetal (Storm)
Iron Mountain (Bankers Grey),Iron Mountain (Bankers Grey)
Mystic Cloud (Custom Grey),Mystic Cloud (Custom Grey)
Onyx (Black),Onyx (Black)
Overcast (Willow Grey),Overcast (Willow Grey)
Sage,Sage
Sky Blue,Sky Blue
Steel Grey (Fog Grey),Steel Grey (Fog Grey)
Winter White (Oxford White),Winter White (Oxford White)
Cafe Au Lait,ALMOND PL POST
Steel Grey,Fog Grey PL POST
Onyx,LAMP BLK PL POST
Gunmetal,Storm PL POST
Winter White,WHITE PL POST
Custom Match Pig Laq.,Custom Match Pig Laq.
Mystic Cloud,Custom Gray POST
Agreeable Greige,Pepperdust POST
Overcast,Willow Grey POST
CARE RETARDER,CARE RETARDER
LEVEL PRIMER WHITE,LEVEL PRIMER WHITE
Iron Mountain,Bankers Grey PL POST
Forest (Kitchen Only),Forest PL POST
Clarity Sage (Kitchen Only),Sage PL POST
Coastal Living,Deep Blue PL POST
Sky Blue (Kitchen Only),Sky Blue PL POST
Desert Sage,Desert Sage PL POST
Warm Spring,ANTIQUE WHITE PL POST
Asphalt,Asphalt PL POST
Bridal Veil,Bridal Veil PL POST
Tea Leaf,Tea Leaf PL POST
Urban Blue,Urban Blue PL POST
Clay,Clay PL POST
Cloud,Cloud PL POST
Cote Azur,Cote Azur PL POST
Deep Forest,Deep Forest PL POST
Eclipse,Eclipse PL POST
Pitch,Pitch PL POST