Color Discription:,Chip Code:,Vendor:
Nordic Storm,QZ-0000003,SPELLMAN
Calacatta Dorada,QZ-0000004,SPELLMAN
Petra Grigio,QZ-0000007,SPELLMAN
White Aurora,QZ-0000009,SPELLMAN
Newport,QZ-0000010,Cambria
Sutherland,QZ-0000011,Cambria
Bertoli,QZ-0000012,AZ Tile
Sereno Gold,QZ-0000018,SPELLMAN
Helmsley,QZ-0000019,Cambria
Palmeri,QZ-0000021,Della Terra
Marble Falls,QZ-0000022,Wilson Art
Logan Pass,QZ-0000023,Wilson Art
Sereno Bianco,QZ-0000024,Vadara
Sterling Light,QZ-0000025,Vadara
Apollo,QZ-0000026,Della Terra
Gemstone Beige,QZ-0000027,Della Terra
Steel,QZ-0000028,Della Terra
Bianco Tiza,QZ-0000029,Della Terra
